{"stats":{"minecraft:dropped":{"minecraft:wooden_pickaxe":1},"minecraft:used":{"minecraft:stone_axe":23,"minecraft:crafting_table":1,"minecraft:stone_pickaxe":55,"minecraft:wooden_pickaxe":3},"minecraft:mined":{"minecraft:grass_block":1,"minecraft:oak_log":15,"minecraft:iron_ore":6,"minecraft:stone":51,"minecraft:oak_leaves":18},"minecraft:crafted":{"minecraft:stone_sword":1,"minecraft:oak_planks":36,"minecraft:stone_axe":1,"minecraft:crafting_table":1,"minecraft:stick":8,"minecraft:stone_pickaxe":1,"minecraft:wooden_pickaxe":1},"minecraft:picked_up":{"minecraft:stick":2,"minecraft:raw_iron":6,"minecraft:oak_log":15,"minecraft:oak_sapling":1,"minecraft:dirt":1,"minecraft:cobblestone":51},"minecraft:custom":{"minecraft:time_since_rest":6257,"minecraft:crouch_one_cm":76,"minecraft:play_time":6257,"minecraft:sprint_one_cm":8826,"minecraft:damage_taken":70,"minecraft:walk_one_cm":9811,"minecraft:sneak_time":20,"minecraft:drop":1,"minecraft:jump":104,"minecraft:damage_dealt":45,"minecraft:time_since_death":6257,"minecraft:total_world_time":6257,"minecraft:interact_with_crafting_table":5,"minecraft:fall_one_cm":3896,"minecraft:fly_one_cm":13821}},"DataVersion":3465}