{"stats":{"minecraft:dropped":{"minecraft:wheat_seeds":3,"minecraft:wooden_pickaxe":1},"minecraft:used":{"minecraft:stone_pickaxe":55,"minecraft:wooden_pickaxe":3,"minecraft:stone_axe":23,"minecraft:crafting_table":1,"minecraft:egg":1},"minecraft:killed_by":{"minecraft:witch":1,"minecraft:zombie":1},"minecraft:crafted":{"minecraft:oak_planks":60,"minecraft:crafting_table":1,"minecraft:stick":8,"minecraft:wooden_pickaxe":1,"minecraft:stone_pickaxe":1,"minecraft:stone_sword":1,"minecraft:stone_axe":1},"minecraft:mined":{"minecraft:pink_petals":1,"minecraft:iron_ore":6,"minecraft:cherry_log":2,"minecraft:dandelion":1,"minecraft:grass":26,"minecraft:grass_block":4,"minecraft:oak_log":15,"minecraft:tall_grass":11,"minecraft:stone":51,"minecraft:oak_leaves":18},"minecraft:picked_up":{"minecraft:pink_petals":3,"minecraft:stick":2,"minecraft:raw_iron":6,"minecraft:dandelion":1,"minecraft:oak_log":15,"minecraft:cherry_log":2,"minecraft:dirt":3,"minecraft:wheat_seeds":3,"minecraft:oak_sapling":3,"minecraft:cobblestone":51,"minecraft:egg":1},"minecraft:custom":{"minecraft:time_since_rest":1486,"minecraft:sprint_one_cm":20815,"minecraft:damage_taken":510,"minecraft:walk_one_cm":16882,"minecraft:drop":3,"minecraft:damage_dealt":113,"minecraft:interact_with_crafting_table":5,"minecraft:fly_one_cm":38098,"minecraft:crouch_one_cm":76,"minecraft:play_time":11065,"minecraft:deaths":2,"minecraft:sneak_time":20,"minecraft:jump":253,"minecraft:leave_game":3,"minecraft:time_since_death":1450,"minecraft:total_world_time":11065,"minecraft:fall_one_cm":6417}},"DataVersion":3465}